Animals and Pet Supplies,Pet Supplies,Bird Supplies
Animals and Pet Supplies,Pet Supplies,Cat Supplies
Animals and Pet Supplies,Pet Supplies,Dog Supplies
Animals and Pet Supplies,Pet Supplies,Fish Supplies
Animals and Pet Supplies,Pet Supplies,Pet Agility Equipment
Animals and Pet Supplies,Pet Supplies,Pet Apparel Hangers
Animals and Pet Supplies,Pet Supplies,Pet Bed Accessories
Animals and Pet Supplies,Pet Supplies,Pet Bells and Charms
Animals and Pet Supplies,Pet Supplies,Pet Biometric Monitors
Animals and Pet Supplies,Pet Supplies,Pet Bowl Mats
Animals and Pet Supplies,Pet Supplies,Pet Bowl Stands
Animals and Pet Supplies,Pet Supplies,Pet Carrier and Crate Accessories
Animals and Pet Supplies,Pet Supplies,Pet Carriers and Crates
Animals and Pet Supplies,Pet Supplies,Pet Collars and Harnesses
Animals and Pet Supplies,Pet Supplies,Pet Containment Systems
Animals and Pet Supplies,Pet Supplies,Pet Door Accessories
Animals and Pet Supplies,Pet Supplies,Pet Doors
Animals and Pet Supplies,Pet Supplies,Pet Eye Drops and Lubricants
Animals and Pet Supplies,Pet Supplies,Pet First Aid and Emergency Kits
Animals and Pet Supplies,Pet Supplies,Pet Flea and Tick Control
Animals and Pet Supplies,Pet Supplies,Pet Food Containers
Animals and Pet Supplies,Pet Supplies,Pet Food Scoops
Animals and Pet Supplies,Pet Supplies,Pet Grooming Supplies
Animals and Pet Supplies,Pet Supplies,Pet Heating Pad Accessories
Animals and Pet Supplies,Pet Supplies,Pet Heating Pads
Animals and Pet Supplies,Pet Supplies,Pet ID Tags
Animals and Pet Supplies,Pet Supplies,Pet Leash Extensions
Animals and Pet Supplies,Pet Supplies,Pet Leashes
Animals and Pet Supplies,Pet Supplies,Pet Medical Collars
Animals and Pet Supplies,Pet Supplies,Pet Medical Tape and Bandages
Animals and Pet Supplies,Pet Supplies,Pet Medicine
Animals and Pet Supplies,Pet Supplies,Pet Muzzles
Animals and Pet Supplies,Pet Supplies,Pet Oral Care Supplies
Animals and Pet Supplies,Pet Supplies,Pet Playpens
Animals and Pet Supplies,Pet Supplies,Pet Steps and Ramps
Animals and Pet Supplies,Pet Supplies,Pet Strollers
Animals and Pet Supplies,Pet Supplies,Pet Sunscreen
Animals and Pet Supplies,Pet Supplies,Pet Training Aids
Animals and Pet Supplies,Pet Supplies,Pet Vitamins and Supplements
Animals and Pet Supplies,Pet Supplies,Pet Waste Bag Dispensers and Holders
Animals and Pet Supplies,Pet Supplies,Pet Waste Bags
Animals and Pet Supplies,Pet Supplies,Pet Waste Disposal Systems and Tools
Animals and Pet Supplies,Pet Supplies,Reptile and Amphibian Supplies
Animals and Pet Supplies,Pet Supplies,Small Animal Supplies
Animals and Pet Supplies,Pet Supplies,Vehicle Pet Barriers
Apparel and Accessories,Clothing,Activewear
Apparel and Accessories,Clothing,Baby and Toddler Clothing
Apparel and Accessories,Clothing,Dresses
Apparel and Accessories,Clothing,One-Pieces
Apparel and Accessories,Clothing,Outerwear
Apparel and Accessories,Clothing,Outfit Sets
Apparel and Accessories,Clothing,Pants
Apparel and Accessories,Clothing,Shirts and Tops
Apparel and Accessories,Clothing,Shorts
Apparel and Accessories,Clothing,Skirts
Apparel and Accessories,Clothing,Skorts
Apparel and Accessories,Clothing,Sleepwear and Loungewear
Apparel and Accessories,Clothing,Suits
Apparel and Accessories,Clothing,Swimwear
Apparel and Accessories,Clothing,Traditional and Ceremonial Clothing
Apparel and Accessories,Clothing,Underwear and Socks
Apparel and Accessories,Clothing,Uniforms
Apparel and Accessories,Clothing,Wedding and Bridal Party Dresses
Apparel and Accessories,Clothing Accessories,Arm Warmers and Sleeves
Apparel and Accessories,Clothing Accessories,Baby and Toddler Clothing Accessories
Apparel and Accessories,Clothing Accessories,Balaclavas
Apparel and Accessories,Clothing Accessories,Bandanas and Headties
Apparel and Accessories,Clothing Accessories,Belt Buckles
Apparel and Accessories,Clothing Accessories,Belts
Apparel and Accessories,Clothing Accessories,Bridal Accessories
Apparel and Accessories,Clothing Accessories,Button Studs
Apparel and Accessories,Clothing Accessories,Collar Stays
Apparel and Accessories,Clothing Accessories,Cufflinks
Apparel and Accessories,Clothing Accessories,Decorative Fans
Apparel and Accessories,Clothing Accessories,Earmuffs
Apparel and Accessories,Clothing Accessories,Gloves and Mittens
Apparel and Accessories,Clothing Accessories,Hair Accessories
Apparel and Accessories,Clothing Accessories,Hand Muffs
Apparel and Accessories,Clothing Accessories,Handkerchiefs
Apparel and Accessories,Clothing Accessories,Hats
Apparel and Accessories,Clothing Accessories,Headwear
Apparel and Accessories,Clothing Accessories,Leg Warmers
Apparel and Accessories,Clothing Accessories,Leis
Apparel and Accessories,Clothing Accessories,Maternity Belts and Support Bands
Apparel and Accessories,Clothing Accessories,Neck Gaiters
Apparel and Accessories,Clothing Accessories,Neckties
Apparel and Accessories,Clothing Accessories,Pinback Buttons
Apparel and Accessories,Clothing Accessories,Sashes
Apparel and Accessories,Clothing Accessories,Scarves and Shawls
Apparel and Accessories,Clothing Accessories,Sunglasses
Apparel and Accessories,Clothing Accessories,Suspenders
Apparel and Accessories,Clothing Accessories,Tie Clips
Apparel and Accessories,Clothing Accessories,Traditional Clothing Accessories
Apparel and Accessories,Clothing Accessories,Wristbands
Apparel and Accessories,Costumes and Accessories,Costume Accessories
Apparel and Accessories,Costumes and Accessories,Costume Shoes
Apparel and Accessories,Costumes and Accessories,Costumes
Apparel and Accessories,Costumes and Accessories,Masks
Apparel and Accessories,Handbag and Wallet Accessories,Checkbook Covers
Apparel and Accessories,Handbag and Wallet Accessories,Keychains
Apparel and Accessories,Handbag and Wallet Accessories,Lanyards
Apparel and Accessories,Handbag and Wallet Accessories,Wallet Chains
Apparel and Accessories,Handbags, Wallets and Cases
Apparel and Accessories,Jewelry,Anklets
Apparel and Accessories,Jewelry,Body Jewelry
Apparel and Accessories,Jewelry,Bracelets
Apparel and Accessories,Jewelry,Brooches and Lapel Pins
Apparel and Accessories,Jewelry,Charms and Pendants
Apparel and Accessories,Jewelry,Earrings
Apparel and Accessories,Jewelry,Jewelry Sets
Apparel and Accessories,Jewelry,Necklaces
Apparel and Accessories,Jewelry,Rings
Apparel and Accessories,Jewelry,Watch Accessories
Apparel and Accessories,Jewelry,Watches
Apparel and Accessories,Shoe Accessories,Boot Liners
Apparel and Accessories,Shoe Accessories,Gaiters
Apparel and Accessories,Shoe Accessories,Shoe Covers
Apparel and Accessories,Shoe Accessories,Shoelaces
Apparel and Accessories,Shoe Accessories,Spurs
Arts and Entertainment,Hobbies and Creative Arts,Arts and Crafts
Arts and Entertainment,Hobbies and Creative Arts,Collectibles
Arts and Entertainment,Hobbies and Creative Arts,Homebrewing and Winemaking Supplies
Arts and Entertainment,Hobbies and Creative Arts,Juggling
Arts and Entertainment,Hobbies and Creative Arts,Magic and Novelties
Arts and Entertainment,Hobbies and Creative Arts,Model Making
Arts and Entertainment,Hobbies and Creative Arts,Musical Instruments
Arts and Entertainment,Party and Celebration,Gift Giving
Arts and Entertainment,Party and Celebration,Party Supplies
Arts and Entertainment,Party and Celebration,Special Effects
Arts and Entertainment,Party and Celebration,Trophies and Awards
Baby and Toddler,Baby Bathing,Baby Bathtubs and Bath Seats
Baby and Toddler,Baby Bathing,Shower Visors
Baby and Toddler,Baby Health,Baby Health and Grooming Kits
Baby and Toddler,Baby Health,Nasal Aspirators
Baby and Toddler,Baby Health,Pacifier Clips and Holders
Baby and Toddler,Baby Health,Pacifier Wipes
Baby and Toddler,Baby Health,Pacifiers and Teethers
Baby and Toddler,Baby Safety,Baby and Pet Gate Accessories
Baby and Toddler,Baby Safety,Baby and Pet Gates
Baby and Toddler,Baby Safety,Baby Monitors
Baby and Toddler,Baby Safety,Baby Safety Harnesses and Leashes
Baby and Toddler,Baby Safety,Baby Safety Locks and Guards
Baby and Toddler,Baby Safety,Baby Safety Rails
Baby and Toddler,Baby Toys and Activity Equipment,Alphabet Toys
Baby and Toddler,Baby Toys and Activity Equipment,Baby Activity Toys
Baby and Toddler,Baby Toys and Activity Equipment,Baby Bouncers and Rockers
Baby and Toddler,Baby Toys and Activity Equipment,Baby Jumpers and Swings
Baby and Toddler,Baby Toys and Activity Equipment,Baby Mobile Accessories
Baby and Toddler,Baby Toys and Activity Equipment,Baby Mobiles
Baby and Toddler,Baby Toys and Activity Equipment,Baby Soothers
Baby and Toddler,Baby Toys and Activity Equipment,Baby Walkers and Entertainers
Baby and Toddler,Baby Toys and Activity Equipment,Play Mats and Gyms
Baby and Toddler,Baby Toys and Activity Equipment,Play Yards
Baby and Toddler,Baby Toys and Activity Equipment,Push and Pull Toys
Baby and Toddler,Baby Toys and Activity Equipment,Rattles
Baby and Toddler,Baby Toys and Activity Equipment,Sorting and Stacking Toys
Baby and Toddler,Baby Transport,Baby and Toddler Car Seats
Baby and Toddler,Baby Transport,Baby Carriers
Baby and Toddler,Baby Transport,Baby Strollers
Baby and Toddler,Baby Transport Accessories,Baby and Toddler Car Seat Accessories
Baby and Toddler,Baby Transport Accessories,Baby Carrier Accessories
Baby and Toddler,Baby Transport Accessories,Baby Stroller Accessories
Baby and Toddler,Baby Transport Accessories,Baby Transport Liners and Sacks
Baby and Toddler,Baby Transport Accessories,Shopping Cart and High Chair Covers
Baby and Toddler,Diapering,Baby Wipe Dispensers and Warmers
Baby and Toddler,Diapering,Baby Wipes
Baby and Toddler,Diapering,Changing Mat and Tray Covers
Baby and Toddler,Diapering,Changing Mats and Trays
Baby and Toddler,Diapering,Diaper Kits
Baby and Toddler,Diapering,Diaper Liners
Baby and Toddler,Diapering,Diaper Organizers
Baby and Toddler,Diapering,Diaper Pail Accessories
Baby and Toddler,Diapering,Diaper Pails
Baby and Toddler,Diapering,Diaper Rash Treatments
Baby and Toddler,Diapering,Diaper Wet Bags
Baby and Toddler,Diapering,Diapers
Baby and Toddler,Nursing and Feeding,Baby and Toddler Food
Baby and Toddler,Nursing and Feeding,Baby Bottle Nipples and Liners
Baby and Toddler,Nursing and Feeding,Baby Bottles
Baby and Toddler,Nursing and Feeding,Baby Care Timers
Baby and Toddler,Nursing and Feeding,Bibs
Baby and Toddler,Nursing and Feeding,Bottle Warmers and Sterilizers
Baby and Toddler,Nursing and Feeding,Breast Milk Storage Containers
Baby and Toddler,Nursing and Feeding,Breast Pump Accessories
Baby and Toddler,Nursing and Feeding,Breast Pumps
Baby and Toddler,Nursing and Feeding,Burp Cloths
Baby and Toddler,Nursing and Feeding,Nursing Covers
Baby and Toddler,Nursing and Feeding,Nursing Pads and Shields
Baby and Toddler,Nursing and Feeding,Nursing Pillow Covers
Baby and Toddler,Nursing and Feeding,Nursing Pillows
Baby and Toddler,Nursing and Feeding,Sippy Cups
Baby and Toddler,Potty Training,Potty Seats
Baby and Toddler,Potty Training,Potty Training Kits
Baby and Toddler,Swaddling and Receiving Blankets,Receiving Blankets
Baby and Toddler,Swaddling and Receiving Blankets,Swaddling Blankets
Business and Industrial,Advertising and Marketing,Brochures
Business and Industrial,Advertising and Marketing,Trade Show Counters
Business and Industrial,Advertising and Marketing,Trade Show Displays
Business and Industrial,Agriculture,Animal Husbandry
Business and Industrial,Automation Control Components,Programmable Logic Controllers
Business and Industrial,Automation Control Components,Variable Frequency and Adjustable Speed Drives
Business and Industrial,Construction,Surveying
Business and Industrial,Construction,Traffic Cones and Barrels
Business and Industrial,Dentistry,Dental Cement
Business and Industrial,Dentistry,Dental Tools
Business and Industrial,Dentistry,Prophy Paste
Business and Industrial,Finance and Insurance,Bullion
Business and Industrial,Food Service,Bakery Boxes
Business and Industrial,Food Service,Bus Tubs
Business and Industrial,Food Service,Check Presenters
Business and Industrial,Food Service,Concession Food Containers
Business and Industrial,Food Service,Disposable Lids
Business and Industrial,Food Service,Disposable Serveware
Business and Industrial,Food Service,Food Service Baskets
Business and Industrial,Food Service,Food Service Carts
Business and Industrial,Food Service,Food Washers and Dryers
Business and Industrial,Food Service,Hot Dog Rollers
Business and Industrial,Food Service,Ice Bins
Business and Industrial,Food Service,Plate and Dish Warmers
Business and Industrial,Food Service,Sneeze Guards
Business and Industrial,Food Service,Take-Out Containers
Business and Industrial,Food Service,Tilt Skillets
Business and Industrial,Food Service,Vending Machines
Business and Industrial,Hairdressing and Cosmetology,Hairdressing Capes and Neck Covers
Business and Industrial,Hairdressing and Cosmetology,Pedicure Chairs
Business and Industrial,Hairdressing and Cosmetology,Salon Chairs
Business and Industrial,Heavy Machinery,Chippers
Business and Industrial,Industrial Storage,Industrial Cabinets
Business and Industrial,Industrial Storage,Industrial Shelving
Business and Industrial,Industrial Storage,Shipping Containers
Business and Industrial,Law Enforcement,Cuffs
Business and Industrial,Law Enforcement,Metal Detectors
Business and Industrial,Material Handling,Conveyors
Business and Industrial,Material Handling,Lifts and Hoists
Business and Industrial,Material Handling,Pallets and Loading Platforms
Business and Industrial,Medical,Hospital Curtains
Business and Industrial,Medical,Hospital Gowns
Business and Industrial,Medical,Medical Bedding
Business and Industrial,Medical,Medical Equipment
Business and Industrial,Medical,Medical Furniture
Business and Industrial,Medical,Medical Instruments
Business and Industrial,Medical,Medical Supplies
Business and Industrial,Medical,Medical Teaching Equipment
Business and Industrial,Medical,Scrub Caps
Business and Industrial,Medical,Scrubs
Business and Industrial,Medical,Surgical Gowns
Business and Industrial,Piercing and Tattooing,Piercing Supplies
Business and Industrial,Piercing and Tattooing,Tattooing Supplies
Business and Industrial,Retail,Clothing Display Racks
Business and Industrial,Retail,Display Mannequins
Business and Industrial,Retail,Mannequin Parts
Business and Industrial,Retail,Money Handling
Business and Industrial,Retail,Paper and Plastic Shopping Bags
Business and Industrial,Retail,Pricing Guns
Business and Industrial,Retail,Retail Display Cases
Business and Industrial,Retail,Retail Display Props and Models
Business and Industrial,Science and Laboratory,Biochemicals
Business and Industrial,Science and Laboratory,Dissection Kits
Business and Industrial,Science and Laboratory,Laboratory Chemicals
Business and Industrial,Science and Laboratory,Laboratory Equipment
Business and Industrial,Signage,Business Hour Signs
Business and Industrial,Signage,Digital Signs
Business and Industrial,Signage,Electric Signs
Business and Industrial,Signage,Emergency and Exit Signs
Business and Industrial,Signage,Facility Identification Signs
Business and Industrial,Signage,Open and Closed Signs
Business and Industrial,Signage,Parking Signs and Permits
Business and Industrial,Signage,Policy Signs
Business and Industrial,Signage,Retail and Sale Signs
Business and Industrial,Signage,Road and Traffic Signs
Business and Industrial,Signage,Safety and Warning Signs
Business and Industrial,Signage,Security Signs
Business and Industrial,Signage,Sidewalk and Yard Signs
Business and Industrial,Work Safety Protective Gear,Bullet Proof Vests
Business and Industrial,Work Safety Protective Gear,Gas Mask and Respirator Accessories
Business and Industrial,Work Safety Protective Gear,Hardhats
Business and Industrial,Work Safety Protective Gear,Hazardous Material Suits
Business and Industrial,Work Safety Protective Gear,Protective Aprons
Business and Industrial,Work Safety Protective Gear,Protective Eyewear
Business and Industrial,Work Safety Protective Gear,Protective Masks
Business and Industrial,Work Safety Protective Gear,Safety Gloves
Business and Industrial,Work Safety Protective Gear,Safety Knee Pads
Business and Industrial,Work Safety Protective Gear,Welding Helmets
Business and Industrial,Work Safety Protective Gear,Work Safety Harnesses
Business and Industrial,Work Safety Protective Gear,Work Safety Tethers
Cameras and Optics,Camera and Optic Accessories,Camera and Optic Replacement Cables
Cameras and Optics,Camera and Optic Accessories,Camera and Video Camera Lenses
Cameras and Optics,Camera and Optic Accessories,Camera Lens Accessories
Cameras and Optics,Camera and Optic Accessories,Camera Parts and Accessories
Cameras and Optics,Camera and Optic Accessories,Optic Accessories
Cameras and Optics,Camera and Optic Accessories,Tripod and Monopod Accessories
Cameras and Optics,Camera and Optic Accessories,Tripods and Monopods
Cameras and Optics,Cameras,Borescopes
Cameras and Optics,Cameras,Digital Cameras
Cameras and Optics,Cameras,Disposable Cameras
Cameras and Optics,Cameras,Film Cameras
Cameras and Optics,Cameras,Surveillance Cameras
Cameras and Optics,Cameras,Trail Cameras
Cameras and Optics,Cameras,Video Cameras
Cameras and Optics,Cameras,Webcams
Cameras and Optics,Optics,Binoculars
Cameras and Optics,Optics,Monoculars
Cameras and Optics,Optics,Rangefinders
Cameras and Optics,Optics,Scopes
Cameras and Optics,Photography,Darkroom
Cameras and Optics,Photography,Lighting and Studio
Cameras and Optics,Photography,Photo Mounting Supplies
Cameras and Optics,Photography,Photo Negative and Slide Storage
Electronics,Arcade Equipment,Basketball Arcade Games
Electronics,Arcade Equipment,Pinball Machine Accessories
Electronics,Arcade Equipment,Pinball Machines
Electronics,Arcade Equipment,Skee-Ball Machines
Electronics,Arcade Equipment,Video Game Arcade Cabinet Accessories
Electronics,Arcade Equipment,Video Game Arcade Cabinets
Electronics,Audio,Audio Accessories
Electronics,Audio,Audio Components
Electronics,Audio,Bullhorns
Electronics,Audio,DJ and Specialty Audio
Electronics,Audio,Public Address Systems
Electronics,Audio,Stage Equipment
Electronics,Circuit Boards and Components,Circuit Board Accessories
Electronics,Circuit Boards and Components,Circuit Decoders and Encoders
Electronics,Circuit Boards and Components,Circuit Prototyping
Electronics,Circuit Boards and Components,Electronic Filters
Electronics,Circuit Boards and Components,Passive Circuit Components
Electronics,Circuit Boards and Components,Printed Circuit Boards
Electronics,Circuit Boards and Components,Semiconductors
Electronics,Communications,Answering Machines
Electronics,Communications,Caller IDs
Electronics,Communications,Communication Radio Accessories
Electronics,Communications,Communication Radios
Electronics,Communications,Intercom Accessories
Electronics,Communications,Intercoms
Electronics,Communications,Pagers
Electronics,Communications,Telephony
Electronics,Communications,Video Conferencing
Electronics,Components,Accelerometers
Electronics,Components,Converters
Electronics,Components,Electronics Component Connectors
Electronics,Components,Modulators
Electronics,Components,Splitters
Electronics,Computers,Barebone Computers
Electronics,Computers,Computer Servers
Electronics,Computers,Desktop Computers
Electronics,Computers,Handheld Devices
Electronics,Computers,Interactive Kiosks
Electronics,Computers,Laptops
Electronics,Computers,Smart Glasses
Electronics,Computers,Tablet Computers
Electronics,Computers,Thin and Zero Clients
Electronics,Computers,Touch Table Computers
Electronics,Electronics Accessories,Adapters
Electronics,Electronics Accessories,Antenna Accessories
Electronics,Electronics Accessories,Antennas
Electronics,Electronics Accessories,Audio and Video Splitters and Switches
Electronics,Electronics Accessories,Blank Media
Electronics,Electronics Accessories,Cable Management
Electronics,Electronics Accessories,Cables
Electronics,Electronics Accessories,Computer Accessories
Electronics,Electronics Accessories,Computer Components
Electronics,Electronics Accessories,Electronics Cleaners
Electronics,Electronics Accessories,Memory
Electronics,Electronics Accessories,Mobile Phone and Tablet Tripods and Monopods
Electronics,Electronics Accessories,Power
Electronics,Electronics Accessories,Remote Controls
Electronics,Electronics Accessories,Signal Boosters
Electronics,Electronics Accessories,Signal Jammers
Electronics,GPS Accessories,GPS Cases
Electronics,GPS Accessories,GPS Mounts
Electronics,Marine Electronics,Fish Finders
Electronics,Marine Electronics,Marine Audio and Video Receivers
Electronics,Marine Electronics,Marine Chartplotters and GPS
Electronics,Marine Electronics,Marine Radar
Electronics,Marine Electronics,Marine Radios
Electronics,Marine Electronics,Marine Speakers
Electronics,Networking,Bridges and Routers
Electronics,Networking,Concentrators and Multiplexers
Electronics,Networking,Hubs and Switches
Electronics,Networking,Modem Accessories
Electronics,Networking,Modems
Electronics,Networking,Network Cards and Adapters
Electronics,Networking,Network Security and Firewall Devices
Electronics,Networking,Power Over Ethernet Adapters
Electronics,Networking,Print Servers
Electronics,Networking,Repeaters and Transceivers
Electronics,Video,Computer Monitors
Electronics,Video,Projectors
Electronics,Video,Satellite and Cable TV
Electronics,Video,Televisions
Electronics,Video,Video Accessories
Electronics,Video,Video Editing Hardware and Production Equipment
Electronics,Video,Video Multiplexers
Electronics,Video,Video Players and Recorders
Electronics,Video,Video Servers
Electronics,Video,Video Transmitters
Electronics,Video Game Console Accessories,Home Game Console Accessories
Electronics,Video Game Console Accessories,Portable Game Console Accessories
Food, Beverages and Tobacco,Beverages
Food, Beverages and Tobacco,Food Items
Food, Beverages and Tobacco,Tobacco Products
Furniture,Baby and Toddler Furniture,Baby and Toddler Furniture Sets
Furniture,Baby and Toddler Furniture,Bassinet and Cradle Accessories
Furniture,Baby and Toddler Furniture,Bassinets and Cradles
Furniture,Baby and Toddler Furniture,Changing Tables
Furniture,Baby and Toddler Furniture,Crib and Toddler Bed Accessories
Furniture,Baby and Toddler Furniture,Cribs and Toddler Beds
Furniture,Baby and Toddler Furniture,High Chair and Booster Seat Accessories
Furniture,Baby and Toddler Furniture,High Chairs and Booster Seats
Furniture,Beds and Accessories,Bed and Bed Frame Accessories
Furniture,Beds and Accessories,Beds and Bed Frames
Furniture,Beds and Accessories,Headboards and Footboards
Furniture,Beds and Accessories,Mattress Foundations
Furniture,Beds and Accessories,Mattresses
Furniture,Benches,Kitchen and Dining Benches
Furniture,Benches,Storage and Entryway Benches
Furniture,Benches,Vanity Benches
Furniture,Cabinets and Storage,Armoires and Wardrobes
Furniture,Cabinets and Storage,Buffets and Sideboards
Furniture,Cabinets and Storage,China Cabinets and Hutches
Furniture,Cabinets and Storage,Dressers
Furniture,Cabinets and Storage,File Cabinets
Furniture,Cabinets and Storage,Ironing Centers
Furniture,Cabinets and Storage,Kitchen Cabinets
Furniture,Cabinets and Storage,Magazine Racks
Furniture,Cabinets and Storage,Media Storage Cabinets and Racks
Furniture,Cabinets and Storage,Storage Cabinets and Lockers
Furniture,Cabinets and Storage,Storage Chests
Furniture,Cabinets and Storage,Vanities
Furniture,Cabinets and Storage,Wine and Liquor Cabinets
Furniture,Cabinets and Storage,Wine Racks
Furniture,Carts and Islands,Kitchen and Dining Carts
Furniture,Carts and Islands,Kitchen Islands
Furniture,Chair Accessories,Hanging Chair Replacement Parts
Furniture,Chairs,Bean Bag Chairs
Furniture,Chairs,Chaises
Furniture,Chairs,Electric Massaging Chairs
Furniture,Chairs,Floor Chairs
Furniture,Chairs,Folding Chairs and Stools
Furniture,Chairs,Gaming Chairs
Furniture,Chairs,Hanging Chairs
Furniture,Chairs,Kitchen and Dining Room Chairs
Furniture,Chairs,Rocking Chairs
Furniture,Chairs,Slipper Chairs
Furniture,Chairs,Table and Bar Stools
Furniture,Furniture Sets,Bathroom Furniture Sets
Furniture,Furniture Sets,Bedroom Furniture Sets
Furniture,Furniture Sets,Kitchen and Dining Furniture Sets
Furniture,Furniture Sets,Living Room Furniture Sets
Furniture,Office Furniture,Desks
Furniture,Office Furniture,Office Chairs
Furniture,Office Furniture,Office Furniture Sets
Furniture,Office Furniture,Workspace Tables
Furniture,Office Furniture,Workstations and Cubicles
Furniture,Office Furniture Accessories,Desk Parts and Accessories
Furniture,Office Furniture Accessories,Office Chair Accessories
Furniture,Office Furniture Accessories,Workstation and Cubicle Accessories
Furniture,Outdoor Furniture,Outdoor Beds
Furniture,Outdoor Furniture,Outdoor Furniture Sets
Furniture,Outdoor Furniture,Outdoor Ottomans
Furniture,Outdoor Furniture,Outdoor Seating
Furniture,Outdoor Furniture,Outdoor Storage Boxes
Furniture,Outdoor Furniture,Outdoor Tables
Furniture,Outdoor Furniture Accessories,Outdoor Furniture Covers
Furniture,Shelving,Bookcases and Standing Shelves
Furniture,Shelving,Wall Shelves and Ledges
Furniture,Shelving Accessories,Replacement Shelves
Furniture,Sofa Accessories,Chair and Sofa Supports
Furniture,Sofa Accessories,Sectional Sofa Units
Furniture,Table Accessories,Table Legs
Furniture,Table Accessories,Table Tops
Furniture,Tables,Accent Tables
Furniture,Tables,Activity Tables
Furniture,Tables,Folding Tables
Furniture,Tables,Kitchen and Dining Room Tables
Furniture,Tables,Kotatsu
Furniture,Tables,Nightstands
Furniture,Tables,Poker and Game Tables
Furniture,Tables,Sewing Machine Tables
Hardware,Building Consumables,Chemicals
Hardware,Building Consumables,Hardware Glue and Adhesives
Hardware,Building Consumables,Hardware Tape
Hardware,Building Consumables,Lubricants
Hardware,Building Consumables,Masonry Consumables
Hardware,Building Consumables,Painting Consumables
Hardware,Building Consumables,Plumbing Primer
Hardware,Building Consumables,Protective Coatings and Sealants
Hardware,Building Consumables,Solder and Flux
Hardware,Building Consumables,Wall Patching Compounds and Plaster
Hardware,Building Materials,Countertops
Hardware,Building Materials,Door Hardware
Hardware,Building Materials,Doors
Hardware,Building Materials,Drywall
Hardware,Building Materials,Flooring and Carpet
Hardware,Building Materials,Glass
Hardware,Building Materials,Handrails and Railing Systems
Hardware,Building Materials,Hatches
Hardware,Building Materials,Insulation
Hardware,Building Materials,Lumber and Sheet Stock
Hardware,Building Materials,Molding
Hardware,Building Materials,Rebar and Remesh
Hardware,Building Materials,Roofing
Hardware,Building Materials,Shutters
Hardware,Building Materials,Siding
Hardware,Building Materials,Sound Dampening Panels and Foam
Hardware,Building Materials,Staircases
Hardware,Building Materials,Wall and Ceiling Tile
Hardware,Building Materials,Wall Paneling
Hardware,Building Materials,Weather Stripping and Weatherization Supplies
Hardware,Building Materials,Window Hardware
Hardware,Building Materials,Windows
Hardware,Fencing and Barriers,Fence and Gate Accessories
Hardware,Fencing and Barriers,Fence Panels
Hardware,Fencing and Barriers,Fence Pickets
Hardware,Fencing and Barriers,Fence Posts and Rails
Hardware,Fencing and Barriers,Garden Borders and Edging
Hardware,Fencing and Barriers,Gates
Hardware,Fencing and Barriers,Lattice
Hardware,Fencing and Barriers,Safety and Crowd Control Barriers
Hardware,Fuel,Home Heating Oil
Hardware,Fuel,Kerosene
Hardware,Fuel,Propane
Hardware,Hardware Accessories,Brackets and Reinforcement Braces
Hardware,Hardware Accessories,Cabinet Hardware
Hardware,Hardware Accessories,Casters
Hardware,Hardware Accessories,Coils
Hardware,Hardware Accessories,Concrete Molds
Hardware,Hardware Accessories,Dowel Pins and Rods
Hardware,Hardware Accessories,Drawer Slides
Hardware,Hardware Accessories,Drop Cloths
Hardware,Hardware Accessories,Filters and Screens
Hardware,Hardware Accessories,Flagging and Caution Tape
Hardware,Hardware Accessories,Gas Hoses
Hardware,Hardware Accessories,Ground Spikes
Hardware,Hardware Accessories,Hardware Fasteners
Hardware,Hardware Accessories,Hinges
Hardware,Hardware Accessories,Lubrication Hoses
Hardware,Hardware Accessories,Metal Casting Molds
Hardware,Hardware Accessories,Moving and Soundproofing Blankets and Covers
Hardware,Hardware Accessories,Pneumatic Hoses
Hardware,Hardware Accessories,Post Base Plates
Hardware,Hardware Accessories,Springs
Hardware,Hardware Accessories,Tarps
Hardware,Hardware Accessories,Tool Storage and Organization
Hardware,Hardware Accessories,Wall Jacks and Braces
Hardware,Hardware Pumps,Home Appliance Pumps
Hardware,Hardware Pumps,Utility Pumps
Hardware,Hardware Pumps,Well Pumps and Systems
Hardware,Heating, Ventilation and Air Conditioning
Hardware,Locks and Keys,Key Blanks
Hardware,Locks and Keys,Key Caps
Hardware,Locks and Keys,Key Card Entry Systems
Hardware,Locks and Keys,Locks and Latches
Hardware,Plumbing,Plumbing Fittings and Supports
Hardware,Plumbing,Plumbing Fixture Hardware and Parts
Hardware,Plumbing,Plumbing Fixtures
Hardware,Plumbing,Plumbing Hoses and Supply Lines
Hardware,Plumbing,Plumbing Pipes
Hardware,Plumbing,Plumbing Repair Kits
Hardware,Plumbing,Water Dispensing and Filtration
Hardware,Plumbing,Water Levelers
Hardware,Plumbing,Water Timers
Hardware,Plumbing,Well Supplies
Hardware,Power and Electrical Supplies,Ballasts and Starters
Hardware,Power and Electrical Supplies,Carbon Brushes
Hardware,Power and Electrical Supplies,Circuit Breaker Panels
Hardware,Power and Electrical Supplies,Conduit and Housings
Hardware,Power and Electrical Supplies,Electrical Motors
Hardware,Power and Electrical Supplies,Electrical Mount Boxes and Brackets
Hardware,Power and Electrical Supplies,Electrical Plug Caps
Hardware,Power and Electrical Supplies,Electrical Switches
Hardware,Power and Electrical Supplies,Electrical Wires and Cable
Hardware,Power and Electrical Supplies,Extension Cord Accessories
Hardware,Power and Electrical Supplies,Extension Cords
Hardware,Power and Electrical Supplies,Generator Accessories
Hardware,Power and Electrical Supplies,Generators
Hardware,Power and Electrical Supplies,Home Automation Kits
Hardware,Power and Electrical Supplies,Phone and Data Jacks
Hardware,Power and Electrical Supplies,Power Converters
Hardware,Power and Electrical Supplies,Power Inlets
Hardware,Power and Electrical Supplies,Power Inverters
Hardware,Power and Electrical Supplies,Power Outlets and Sockets
Hardware,Power and Electrical Supplies,Solar Energy Kits
Hardware,Power and Electrical Supplies,Solar Panels
Hardware,Power and Electrical Supplies,Voltage Transformers and Regulators
Hardware,Power and Electrical Supplies,Wall Plates and Covers
Hardware,Power and Electrical Supplies,Wall Socket Controls and Sensors
Hardware,Power and Electrical Supplies,Wire Caps and Nuts
Hardware,Power and Electrical Supplies,Wire Terminals and Connectors
Hardware,Tool Accessories,Abrasive Blaster Accessories
Hardware,Tool Accessories,Axe Accessories
Hardware,Tool Accessories,Cutter Accessories
Hardware,Tool Accessories,Drill and Screwdriver Accessories
Hardware,Tool Accessories,Driver Accessories
Hardware,Tool Accessories,Flashlight Accessories
Hardware,Tool Accessories,Grinder Accessories
Hardware,Tool Accessories,Hammer Accessories
Hardware,Tool Accessories,Industrial Staples
Hardware,Tool Accessories,Jigs
Hardware,Tool Accessories,Magnetizers and Demagnetizers
Hardware,Tool Accessories,Mattock and Pickaxe Accessories
Hardware,Tool Accessories,Measuring Tool and Sensor Accessories
Hardware,Tool Accessories,Mixing Tool Paddles
Hardware,Tool Accessories,Paint Tool Accessories
Hardware,Tool Accessories,Power Tool Batteries
Hardware,Tool Accessories,Power Tool Chargers
Hardware,Tool Accessories,Router Accessories
Hardware,Tool Accessories,Sanding Accessories
Hardware,Tool Accessories,Saw Accessories
Hardware,Tool Accessories,Shaper Accessories
Hardware,Tool Accessories,Soldering Iron Accessories
Hardware,Tool Accessories,Tool Blades
Hardware,Tool Accessories,Tool Handle Wedges
Hardware,Tool Accessories,Tool Safety Tethers
Hardware,Tool Accessories,Tool Sockets
Hardware,Tool Accessories,Tool Stands
Hardware,Tool Accessories,Wedge Tools
Hardware,Tool Accessories,Welding Accessories
Hardware,Tools,Abrasive Blasters
Hardware,Tools,Anvils
Hardware,Tools,Axes
Hardware,Tools,Carpentry Jointers
Hardware,Tools,Carving Chisels and Gouges
Hardware,Tools,Caulking Tools
Hardware,Tools,Chimney Brushes
Hardware,Tools,Compactors
Hardware,Tools,Compressors
Hardware,Tools,Concrete Brooms
Hardware,Tools,Cutters
Hardware,Tools,Deburrers
Hardware,Tools,Dollies and Hand Trucks
Hardware,Tools,Drills
Hardware,Tools,Electrician Fish Tape
Hardware,Tools,Flashlights and Headlamps
Hardware,Tools,Grease Guns
Hardware,Tools,Grinders
Hardware,Tools,Grips
Hardware,Tools,Hammers
Hardware,Tools,Handheld Power Mixers
Hardware,Tools,Hardware Torches
Hardware,Tools,Heat Guns
Hardware,Tools,Impact Wrenches and Drivers
Hardware,Tools,Industrial Vibrators
Hardware,Tools,Inspection Mirrors
Hardware,Tools,Ladders and Scaffolding
Hardware,Tools,Lathes
Hardware,Tools,Light Bulb Changers
Hardware,Tools,Lighters and Matches
Hardware,Tools,Log Splitters
Hardware,Tools,Magnetic Sweepers
Hardware,Tools,Marking Tools
Hardware,Tools,Masonry Tools
Hardware,Tools,Mattocks and Pickaxes
Hardware,Tools,Measuring Tools and Sensors
Hardware,Tools,Milling Machines
Hardware,Tools,Multifunction Power Tools
Hardware,Tools,Nail Pullers
Hardware,Tools,Nailers and Staplers
Hardware,Tools,Oil Filter Drains
Hardware,Tools,Paint Tools
Hardware,Tools,Pickup Tools
Hardware,Tools,Pipe and Bar Benders
Hardware,Tools,Pipe and Tube Cleaners
Hardware,Tools,Pipe Brushes
Hardware,Tools,Planers
Hardware,Tools,Planes
Hardware,Tools,Pliers
Hardware,Tools,Plungers
Hardware,Tools,Polishers and Buffers
Hardware,Tools,Post Hole Diggers
Hardware,Tools,Pry Bars
Hardware,Tools,Punches and Awls
Hardware,Tools,Putty Knives and Scrapers
Hardware,Tools,Reamers
Hardware,Tools,Riveting Tools
Hardware,Tools,Routing Tools
Hardware,Tools,Sanders
Hardware,Tools,Sanding Blocks
Hardware,Tools,Saw Horses
Hardware,Tools,Saws
Hardware,Tools,Screwdrivers
Hardware,Tools,Shapers
Hardware,Tools,Sharpeners
Hardware,Tools,Socket Drivers
Hardware,Tools,Soldering Irons
Hardware,Tools,Tap Reseaters
Hardware,Tools,Taps and Dies
Hardware,Tools,Threading Machines
Hardware,Tools,Tool Clamps and Vises
Hardware,Tools,Tool Files
Hardware,Tools,Tool Keys
Hardware,Tools,Tool Knives
Hardware,Tools,Tool Sets
Hardware,Tools,Welding Guns and Plasma Cutters
Hardware,Tools,Wire and Cable Hand Tools
Hardware,Tools,Work Lights
Hardware,Tools,Wrenches
Health and Beauty,Health Care,Acupuncture
Health and Beauty,Health Care,Bed Pans
Health and Beauty,Health Care,Biometric Monitor Accessories
Health and Beauty,Health Care,Biometric Monitors
Health and Beauty,Health Care,Condoms
Health and Beauty,Health Care,Conductivity Gels and Lotions
Health and Beauty,Health Care,Contraceptive Cases
Health and Beauty,Health Care,First Aid
Health and Beauty,Health Care,Fitness and Nutrition
Health and Beauty,Health Care,Hearing Aids
Health and Beauty,Health Care,Incontinence Aids
Health and Beauty,Health Care,Light Therapy Lamps
Health and Beauty,Health Care,Medical Alarm Systems
Health and Beauty,Health Care,Medical Identification Tags and Jewelry
Health and Beauty,Health Care,Medical Tests
Health and Beauty,Health Care,Medicine and Drugs
Health and Beauty,Health Care,Mobility and Accessibility
Health and Beauty,Health Care,Occupational and Physical Therapy Equipment
Health and Beauty,Health Care,Pillboxes
Health and Beauty,Health Care,Respiratory Care
Health and Beauty,Health Care,Specimen Cups
Health and Beauty,Health Care,Spermicides
Health and Beauty,Health Care,Stump Shrinkers
Health and Beauty,Health Care,Supports and Braces
Health and Beauty,Health Care,Surgical Lubricants
Health and Beauty,Jewelry Cleaning and Care,Jewelry Cleaning Solutions and Polishes
Health and Beauty,Jewelry Cleaning and Care,Jewelry Cleaning Tools
Health and Beauty,Jewelry Cleaning and Care,Jewelry Holders
Health and Beauty,Jewelry Cleaning and Care,Jewelry Steam Cleaners
Health and Beauty,Jewelry Cleaning and Care,Watch Repair Kits
Health and Beauty,Personal Care,Back Care
Health and Beauty,Personal Care,Cosmetics
Health and Beauty,Personal Care,Cotton Balls
Health and Beauty,Personal Care,Cotton Swabs
Health and Beauty,Personal Care,Deodorant and Anti-Perspirant
Health and Beauty,Personal Care,Ear Care
Health and Beauty,Personal Care,Foot Care
Health and Beauty,Personal Care,Hair Care
Health and Beauty,Personal Care,Massage and Relaxation
Health and Beauty,Personal Care,Oral Care
Health and Beauty,Personal Care,Personal Lubricants
Health and Beauty,Personal Care,Shaving and Grooming
Health and Beauty,Personal Care,Sleeping Aids
Health and Beauty,Personal Care,Spray Tanning Tents
Health and Beauty,Personal Care,Tanning Beds
Health and Beauty,Personal Care,Tweezers
Health and Beauty,Personal Care,Vision Care
Home and Garden,Bathroom Accessories,Bath Caddies
Home and Garden,Bathroom Accessories,Bath Mats and Rugs
Home and Garden,Bathroom Accessories,Bath Pillows
Home and Garden,Bathroom Accessories,Bathroom Accessory Mounts
Home and Garden,Bathroom Accessories,Bathroom Accessory Sets
Home and Garden,Bathroom Accessories,Facial Tissue Holders
Home and Garden,Bathroom Accessories,Hand Dryer Accessories
Home and Garden,Bathroom Accessories,Hand Dryers
Home and Garden,Bathroom Accessories,Medicine Cabinets
Home and Garden,Bathroom Accessories,Robe Hooks
Home and Garden,Bathroom Accessories,Safety Grab Bars
Home and Garden,Bathroom Accessories,Shower Curtain Rings
Home and Garden,Bathroom Accessories,Shower Curtains
Home and Garden,Bathroom Accessories,Shower Rods
Home and Garden,Bathroom Accessories,Soap and Lotion Dispensers
Home and Garden,Bathroom Accessories,Soap Dishes and Holders
Home and Garden,Bathroom Accessories,Toilet Brush Replacement Heads
Home and Garden,Bathroom Accessories,Toilet Brushes and Holders
Home and Garden,Bathroom Accessories,Toilet Paper Holders
Home and Garden,Bathroom Accessories,Toothbrush Holders
Home and Garden,Bathroom Accessories,Towel Racks and Holders
Home and Garden,Business and Home Security,Dummy Surveillance Cameras
Home and Garden,Business and Home Security,Home Alarm Systems
Home and Garden,Business and Home Security,Motion Sensors
Home and Garden,Business and Home Security,Safety and Security Mirrors
Home and Garden,Business and Home Security,Security Lights
Home and Garden,Business and Home Security,Security Monitors and Recorders
Home and Garden,Business and Home Security,Security Safe Accessories
Home and Garden,Business and Home Security,Security Safes
Home and Garden,Business and Home Security,Security System Sensors
Home and Garden,Decor,Address Signs
Home and Garden,Decor,Artificial Flora
Home and Garden,Decor,Artificial Food
Home and Garden,Decor,Artwork
Home and Garden,Decor,Backrest Pillows
Home and Garden,Decor,Baskets
Home and Garden,Decor,Bird and Wildlife Feeder Accessories
Home and Garden,Decor,Bird and Wildlife Feeders
Home and Garden,Decor,Bird and Wildlife House Accessories
Home and Garden,Decor,Bird and Wildlife Houses
Home and Garden,Decor,Bird Baths
Home and Garden,Decor,Bookends
Home and Garden,Decor,Cardboard Cutouts
Home and Garden,Decor,Chair and Sofa Cushions
Home and Garden,Decor,Clock Parts
Home and Garden,Decor,Clocks
Home and Garden,Decor,Coat and Hat Racks
Home and Garden,Decor,Decorative Bells
Home and Garden,Decor,Decorative Bottles
Home and Garden,Decor,Decorative Bowls
Home and Garden,Decor,Decorative Jars
Home and Garden,Decor,Decorative Plaques
Home and Garden,Decor,Decorative Plates
Home and Garden,Decor,Decorative Trays
Home and Garden,Decor,Door Mats
Home and Garden,Decor,Dreamcatchers
Home and Garden,Decor,Dried Flowers
Home and Garden,Decor,Ecospheres
Home and Garden,Decor,Figurines
Home and Garden,Decor,Finials
Home and Garden,Decor,Flag and Windsock Accessories
Home and Garden,Decor,Flags and Windsocks
Home and Garden,Decor,Flameless Candles
Home and Garden,Decor,Fountains and Ponds
Home and Garden,Decor,Garden and Stepping Stones
Home and Garden,Decor,Growth Charts
Home and Garden,Decor,Home Decor Decals
Home and Garden,Decor,Home Fragrance Accessories
Home and Garden,Decor,Home Fragrances
Home and Garden,Decor,Hourglasses
Home and Garden,Decor,House Numbers and Letters
Home and Garden,Decor,Lawn Ornaments and Garden Sculptures
Home and Garden,Decor,Mail Slots
Home and Garden,Decor,Mailbox Accessories
Home and Garden,Decor,Mailboxes
Home and Garden,Decor,Mirrors
Home and Garden,Decor,Music Boxes
Home and Garden,Decor,Napkin Rings
Home and Garden,Decor,Novelty Signs
Home and Garden,Decor,Ottoman Cushions
Home and Garden,Decor,Picture Frames
Home and Garden,Decor,Piggy Banks and Money Jars
Home and Garden,Decor,Rain Chains
Home and Garden,Decor,Rain Gauges
Home and Garden,Decor,Refrigerator Magnets
Home and Garden,Decor,Rugs
Home and Garden,Decor,Seasonal and Holiday Decorations
Home and Garden,Decor,Shadow Boxes
Home and Garden,Decor,Slipcovers
Home and Garden,Decor,Snow Globes
Home and Garden,Decor,Suncatchers
Home and Garden,Decor,Sundials
Home and Garden,Decor,Throw Pillows
Home and Garden,Decor,Trunks
Home and Garden,Decor,Vase Fillers and Table Scatters
Home and Garden,Decor,Vases
Home and Garden,Decor,Wallpaper
Home and Garden,Decor,Weather Vanes and Roof Decor
Home and Garden,Decor,Wind Chimes
Home and Garden,Decor,Wind Wheels and Spinners
Home and Garden,Decor,Window Magnets
Home and Garden,Decor,Window Treatment Accessories
Home and Garden,Decor,Window Treatments
Home and Garden,Decor,World Globes
Home and Garden,Decor,Wreaths and Garlands
Home and Garden,Emergency Preparedness,Earthquake Alarms
Home and Garden,Emergency Preparedness,Emergency Blankets
Home and Garden,Emergency Preparedness,Emergency Food Kits
Home and Garden,Emergency Preparedness,Emergency Tools and Kits
Home and Garden,Emergency Preparedness,Furniture Anchors
Home and Garden,Fireplace and Wood Stove Accessories,Bellows
Home and Garden,Fireplace and Wood Stove Accessories,Fireplace and Wood Stove Grates
Home and Garden,Fireplace and Wood Stove Accessories,Fireplace Andirons
Home and Garden,Fireplace and Wood Stove Accessories,Fireplace Reflectors
Home and Garden,Fireplace and Wood Stove Accessories,Fireplace Screens
Home and Garden,Fireplace and Wood Stove Accessories,Fireplace Tools
Home and Garden,Fireplace and Wood Stove Accessories,Firewood and Fuel
Home and Garden,Fireplace and Wood Stove Accessories,Hearth Pads
Home and Garden,Fireplace and Wood Stove Accessories,Log Rack and Carrier Accessories
Home and Garden,Fireplace and Wood Stove Accessories,Log Racks and Carriers
Home and Garden,Fireplace and Wood Stove Accessories,Wood Stove Fans and Blowers
Home and Garden,Flood, Fire and Gas Safety
Home and Garden,Household Appliance Accessories,Air Conditioner Accessories
Home and Garden,Household Appliance Accessories,Air Purifier Accessories
Home and Garden,Household Appliance Accessories,Dehumidifier Accessories
Home and Garden,Household Appliance Accessories,Fan Accessories
Home and Garden,Household Appliance Accessories,Floor and Steam Cleaner Accessories
Home and Garden,Household Appliance Accessories,Furnace and Boiler Accessories
Home and Garden,Household Appliance Accessories,Heating Radiator Accessories
Home and Garden,Household Appliance Accessories,Humidifier Accessories
Home and Garden,Household Appliance Accessories,Laundry Appliance Accessories
Home and Garden,Household Appliance Accessories,Patio Heater Accessories
Home and Garden,Household Appliance Accessories,Vacuum Accessories
Home and Garden,Household Appliance Accessories,Water Heater Accessories
Home and Garden,Household Appliances,Climate Control Appliances
Home and Garden,Household Appliances,Floor and Carpet Dryers
Home and Garden,Household Appliances,Floor and Steam Cleaners
Home and Garden,Household Appliances,Floor Polishers and Buffers
Home and Garden,Household Appliances,Futon Dryers
Home and Garden,Household Appliances,Garage Door Keypads and Remotes
Home and Garden,Household Appliances,Garage Door Openers
Home and Garden,Household Appliances,Laundry Appliances
Home and Garden,Household Appliances,Ultrasonic Cleaners
Home and Garden,Household Appliances,Vacuums
Home and Garden,Household Appliances,Wallpaper Steamers
Home and Garden,Household Appliances,Water Heaters
Home and Garden,Household Supplies,Drawer and Shelf Liners
Home and Garden,Household Supplies,Floor Protection Films and Runners
Home and Garden,Household Supplies,Furniture Floor Protectors
Home and Garden,Household Supplies,Garage Floor Mats
Home and Garden,Household Supplies,Garbage Bags
Home and Garden,Household Supplies,Household Cleaning Supplies
Home and Garden,Household Supplies,Household Paper Products
Home and Garden,Household Supplies,Household Thermometers
Home and Garden,Household Supplies,Laundry Supplies
Home and Garden,Household Supplies,Moisture Absorbers
Home and Garden,Household Supplies,Pest Control
Home and Garden,Household Supplies,Rug Pads
Home and Garden,Household Supplies,Shoe Care and Tools
Home and Garden,Household Supplies,Stair Treads
Home and Garden,Household Supplies,Storage and Organization
Home and Garden,Household Supplies,Trash Compactor Accessories
Home and Garden,Household Supplies,Waste Containment
Home and Garden,Household Supplies,Waste Containment Accessories
Home and Garden,Kitchen and Dining,Barware
Home and Garden,Kitchen and Dining,Cookware and Bakeware
Home and Garden,Kitchen and Dining,Food and Beverage Carriers
Home and Garden,Kitchen and Dining,Food Storage
Home and Garden,Kitchen and Dining,Food Storage Accessories
Home and Garden,Kitchen and Dining,Kitchen Appliance Accessories
Home and Garden,Kitchen and Dining,Kitchen Appliances
Home and Garden,Kitchen and Dining,Kitchen Tools and Utensils
Home and Garden,Kitchen and Dining,Prefabricated Kitchens and Kitchenettes
Home and Garden,Kitchen and Dining,Tableware
Home and Garden,Lawn and Garden,Gardening
Home and Garden,Lawn and Garden,Outdoor Living
Home and Garden,Lawn and Garden,Outdoor Power Equipment
Home and Garden,Lawn and Garden,Outdoor Power Equipment Accessories
Home and Garden,Lawn and Garden,Snow Removal
Home and Garden,Lawn and Garden,Watering and Irrigation
Home and Garden,Lighting,Emergency Lighting
Home and Garden,Lighting,Floating and Submersible Lights
Home and Garden,Lighting,Flood and Spot Lights
Home and Garden,Lighting,In-Ground Lights
Home and Garden,Lighting,Lamps
Home and Garden,Lighting,Landscape Pathway Lighting
Home and Garden,Lighting,Light Bulbs
Home and Garden,Lighting,Light Ropes and Strings
Home and Garden,Lighting,Lighting Fixtures
Home and Garden,Lighting,Night Lights and Ambient Lighting
Home and Garden,Lighting,Picture Lights
Home and Garden,Lighting,Tiki Torches and Oil Lamps
Home and Garden,Lighting,Track Lighting
Home and Garden,Lighting Accessories,Lamp Post Bases
Home and Garden,Lighting Accessories,Lamp Post Mounts
Home and Garden,Lighting Accessories,Lamp Shades
Home and Garden,Lighting Accessories,Lighting Timers
Home and Garden,Lighting Accessories,Oil Lamp Fuel
Home and Garden,Linens and Bedding,Bedding
Home and Garden,Linens and Bedding,Kitchen Linens Sets
Home and Garden,Linens and Bedding,Table Linens
Home and Garden,Linens and Bedding,Towels
Home and Garden,Plants,Aquatic Plants
Home and Garden,Plants,Flowers
Home and Garden,Plants,Indoor and Outdoor Plants
Home and Garden,Plants,Plant and Herb Growing Kits
Home and Garden,Plants,Seeds
Home and Garden,Plants,Trees
Home and Garden,Pool and Spa,Pool and Spa Accessories
Home and Garden,Pool and Spa,Sauna Accessories
Home and Garden,Pool and Spa,Saunas
Home and Garden,Pool and Spa,Spas
Home and Garden,Pool and Spa,Swimming Pools
Home and Garden,Smoking Accessories,Ashtrays
Home and Garden,Smoking Accessories,Cigar Cases
Home and Garden,Smoking Accessories,Cigar Cutters and Punches
Home and Garden,Smoking Accessories,Cigarette Cases
Home and Garden,Smoking Accessories,Cigarette Holders
Home and Garden,Smoking Accessories,Humidor Accessories
Home and Garden,Smoking Accessories,Humidors
Luggage and Bags,Luggage Accessories,Dry Box Liners and Inserts
Luggage and Bags,Luggage Accessories,Luggage Covers
Luggage and Bags,Luggage Accessories,Luggage Racks and Stands
Luggage and Bags,Luggage Accessories,Luggage Straps
Luggage and Bags,Luggage Accessories,Luggage Tags
Luggage and Bags,Luggage Accessories,Packing Organizers
Luggage and Bags,Luggage Accessories,Travel Bottles and Containers
Luggage and Bags,Luggage Accessories,Travel Pouches
Mature,Erotic,Erotic Books
Mature,Erotic,Erotic Clothing
Mature,Erotic,Erotic DVDs and Videos
Mature,Erotic,Erotic Food and Edibles
Mature,Erotic,Erotic Games
Mature,Erotic,Erotic Magazines
Mature,Erotic,Pole Dancing Kits
Mature,Erotic,Sex Toys
Mature,Weapons,Brass Knuckles
Mature,Weapons,Clubs and Batons
Mature,Weapons,Combat Knives
Mature,Weapons,Gun Care and Accessories
Mature,Weapons,Guns
Mature,Weapons,Mace and Pepper Spray
Mature,Weapons,Nunchucks
Mature,Weapons,Spears
Mature,Weapons,Staff and Stick Weapons
Mature,Weapons,Stun Guns and Tasers
Mature,Weapons,Swords
Mature,Weapons,Throwing Stars
Mature,Weapons,Whips
Media,Books,Audiobooks
Media,Books,E-books
Media,Books,Print Books
Media,DVDs and Videos,Film and Television DVDs
Media,DVDs and Videos,Film and Television Digital Downloads
Media,DVDs and Videos,Film and Television VHS Tapes
Media,Magazines and Newspapers,Magazines
Media,Magazines and Newspapers,Newspapers
Media,Music and Sound Recordings,Digital Music Downloads
Media,Music and Sound Recordings,Music CDs
Media,Music and Sound Recordings,Music Cassette Tapes
Media,Music and Sound Recordings,Records and LPs
Media,Music and Sound Recordings,Spoken Word and Field Recordings
Media,Product Manuals,Camera and Optics Manuals
Media,Product Manuals,Electronics Manuals
Media,Product Manuals,Exercise and Fitness Equipment Manuals
Media,Product Manuals,Household Appliance Manuals
Media,Product Manuals,Kitchen Appliance Manuals
Media,Product Manuals,Model and Toys Manuals
Media,Product Manuals,Office Supply Manuals
Media,Product Manuals,Power Tool and Equipment Manuals
Media,Product Manuals,Vehicle Service Manuals
Office Supplies,Book Accessories,Book Covers
Office Supplies,Book Accessories,Book Lights
Office Supplies,Book Accessories,Book Stands and Rests
Office Supplies,Book Accessories,Bookmarks
Office Supplies,Filing and Organization,Address Books
Office Supplies,Filing and Organization,Binding Supplies
Office Supplies,Filing and Organization,Business Card Books
Office Supplies,Filing and Organization,Business Card Stands
Office Supplies,Filing and Organization,CD/DVD Cases and Organizers
Office Supplies,Filing and Organization,Card Files
Office Supplies,Filing and Organization,Card Sleeves
Office Supplies,Filing and Organization,Cash Boxes
Office Supplies,Filing and Organization,Desk Organizers
Office Supplies,Filing and Organization,File Boxes
Office Supplies,Filing and Organization,File Folders
Office Supplies,Filing and Organization,Folders and Report Covers
Office Supplies,Filing and Organization,Greeting Card Organizers
Office Supplies,Filing and Organization,Mail Sorters
Office Supplies,Filing and Organization,Pen and Pencil Cases
Office Supplies,Filing and Organization,Portfolios and Padfolios
Office Supplies,Filing and Organization,Recipe Card Boxes
Office Supplies,General Office Supplies,Brass Fasteners
Office Supplies,General Office Supplies,Erasers
Office Supplies,General Office Supplies,Labels and Tags
Office Supplies,General Office Supplies,Mounting Putty
Office Supplies,General Office Supplies,Office Tape
Office Supplies,General Office Supplies,Paper Clips and Clamps
Office Supplies,General Office Supplies,Paper Products
Office Supplies,General Office Supplies,Rubber Bands
Office Supplies,General Office Supplies,Staples
Office Supplies,General Office Supplies,Tacks and Pushpins
Office Supplies,Office and Chair Mats,Anti-Fatigue Mats
Office Supplies,Office and Chair Mats,Chair Mats
Office Supplies,Office and Chair Mats,Office Mats
Office Supplies,Office Carts,AV Carts
Office Supplies,Office Carts,Book Carts
Office Supplies,Office Carts,File Carts
Office Supplies,Office Carts,Mail Carts
Office Supplies,Office Carts,Utility Carts
Office Supplies,Office Equipment,Calculator Accessories
Office Supplies,Office Equipment,Calculators
Office Supplies,Office Equipment,Electronic Dictionaries and Translators
Office Supplies,Office Equipment,Label Makers
Office Supplies,Office Equipment,Laminators
Office Supplies,Office Equipment,Office Shredders
Office Supplies,Office Equipment,Postage Meters
Office Supplies,Office Equipment,Time and Attendance Clocks
Office Supplies,Office Equipment,Transcribers and Dictation Systems
Office Supplies,Office Equipment,Typewriters
Office Supplies,Office Instruments,Call Bells
Office Supplies,Office Instruments,Clipboards
Office Supplies,Office Instruments,Letter Openers
Office Supplies,Office Instruments,Magnifiers
Office Supplies,Office Instruments,Office Rubber Stamps
Office Supplies,Office Instruments,Pencil Sharpeners
Office Supplies,Office Instruments,Staple Removers
Office Supplies,Office Instruments,Staplers
Office Supplies,Office Instruments,Tape Dispensers
Office Supplies,Office Instruments,Writing and Drawing Instrument Accessories
Office Supplies,Office Instruments,Writing and Drawing Instruments
Office Supplies,Paper Handling,Fingertip Grips
Office Supplies,Paper Handling,Hole Punches
Office Supplies,Paper Handling,Paper Folding Machines
Office Supplies,Paper Handling,Paper Joggers
Office Supplies,Paper Handling,Paperweights
Office Supplies,Paper Handling,Pencil Boards
Office Supplies,Presentation Supplies,Chalkboards
Office Supplies,Presentation Supplies,Display Boards
Office Supplies,Presentation Supplies,Document Cameras
Office Supplies,Presentation Supplies,Dry-Erase Boards
Office Supplies,Presentation Supplies,Easel Pads
Office Supplies,Presentation Supplies,Easels
Office Supplies,Presentation Supplies,Laser Pointers
Office Supplies,Presentation Supplies,Lecterns
Office Supplies,Presentation Supplies,Transparencies
Office Supplies,Presentation Supplies,Wireless Presenters
Office Supplies,Shipping Supplies,Moving and Shipping Boxes
Office Supplies,Shipping Supplies,Packing Materials
Office Supplies,Shipping Supplies,Packing Tape
Religious and Ceremonial,Memorial Ceremony Supplies,Memorial Urns
Religious and Ceremonial,Religious Items,Prayer Beads
Religious and Ceremonial,Religious Items,Prayer Cards
Religious and Ceremonial,Religious Items,Religious Altars
Religious and Ceremonial,Religious Items,Religious Veils
Religious and Ceremonial,Religious Items,Tarot Cards
Religious and Ceremonial,Wedding Ceremony Supplies,Aisle Runners
Religious and Ceremonial,Wedding Ceremony Supplies,Flower Girl Baskets
Religious and Ceremonial,Wedding Ceremony Supplies,Ring Pillows and Holders
Software,Computer Software,Antivirus and Security Software
Software,Computer Software,Business and Productivity Software
Software,Computer Software,Compilers and Programming Tools
Software,Computer Software,Computer Utilities and Maintenance Software
Software,Computer Software,Dictionary and Translation Software
Software,Computer Software,Educational Software
Software,Computer Software,GPS Map Data and Software
Software,Computer Software,Handheld and PDA Software
Software,Computer Software,Multimedia and Design Software
3D Modeling Software
Software,Computer Software,Network Software
Software,Computer Software,Office Application Software
Software,Computer Software,Operating Systems
Software,Computer Software,Restore Disks
Software,Digital Goods and Currency,Computer Icons
Software,Digital Goods and Currency,Desktop Wallpaper
Software,Digital Goods and Currency,Digital Artwork
Software,Digital Goods and Currency,Document Templates
Software,Digital Goods and Currency,Fonts
Software,Digital Goods and Currency,Stock Photographs and Video Footage
Software,Digital Goods and Currency,Virtual Currency
Sporting Goods,Athletics,Baseball and Softball
Sporting Goods,Athletics,Basketball
Sporting Goods,Athletics,Boxing and Martial Arts
Sporting Goods,Athletics,Broomball Equipment
Sporting Goods,Athletics,Cheerleading
Sporting Goods,Athletics,Coaching and Officiating
Sporting Goods,Athletics,Cricket
Sporting Goods,Athletics,Dancing
Sporting Goods,Athletics,Fencing
Sporting Goods,Athletics,Field Hockey and Lacrosse
Sporting Goods,Athletics,Figure Skating and Hockey
Sporting Goods,Athletics,Football
Sporting Goods,Athletics,General Purpose Athletic Equipment
Sporting Goods,Athletics,Gymnastics
Sporting Goods,Athletics,Racquetball and Squash
Sporting Goods,Athletics,Rounders
Sporting Goods,Athletics,Rugby
Sporting Goods,Athletics,Soccer
Sporting Goods,Athletics,Team Handball
Sporting Goods,Athletics,Tennis
Sporting Goods,Athletics,Track and Field
Sporting Goods,Athletics,Volleyball
Sporting Goods,Athletics,Wallyball Equipment
Sporting Goods,Athletics,Water Polo
Sporting Goods,Athletics,Wrestling
Sporting Goods,Exercise and Fitness,Ab Wheels and Rollers
Sporting Goods,Exercise and Fitness,Aerobic Steps
Sporting Goods,Exercise and Fitness,Balance Trainers
Sporting Goods,Exercise and Fitness,Cardio
Sporting Goods,Exercise and Fitness,Exercise Balls
Sporting Goods,Exercise and Fitness,Exercise Bands
Sporting Goods,Exercise and Fitness,Exercise Benches
Sporting Goods,Exercise and Fitness,Exercise Equipment Mats
Sporting Goods,Exercise and Fitness,Exercise Machine and Equipment Sets
Sporting Goods,Exercise and Fitness,Exercise Wedges
Sporting Goods,Exercise and Fitness,Foam Roller Accessories
Sporting Goods,Exercise and Fitness,Foam Rollers
Sporting Goods,Exercise and Fitness,Hand Exercisers
Sporting Goods,Exercise and Fitness,Inversion Tables and Systems
Sporting Goods,Exercise and Fitness,Medicine Balls
Sporting Goods,Exercise and Fitness,Power Towers
Sporting Goods,Exercise and Fitness,Push Up and Pull Up Bars
Sporting Goods,Exercise and Fitness,Reaction Balls
Sporting Goods,Exercise and Fitness,Speed and Resistance Parachutes
Sporting Goods,Exercise and Fitness,Sport Safety Lights and Reflectors
Sporting Goods,Exercise and Fitness,Stopwatches
Sporting Goods,Exercise and Fitness,Suspension Trainers
Sporting Goods,Exercise and Fitness,Vibration Exercise Machines
Sporting Goods,Exercise and Fitness,Weight Lifting
Sporting Goods,Exercise and Fitness,Weighted Clothing
Sporting Goods,Exercise and Fitness,Yoga and Pilates
Sporting Goods,Indoor Games,Air Hockey
Sporting Goods,Indoor Games,Billiards
Sporting Goods,Indoor Games,Bowling
Sporting Goods,Indoor Games,Foosball
Sporting Goods,Indoor Games,Multi-Game Tables
Sporting Goods,Indoor Games,Ping Pong
Sporting Goods,Indoor Games,Table Shuffleboard
Sporting Goods,Indoor Games,Throwing Darts
Sporting Goods,Outdoor Recreation,Boating and Water Sports
Sporting Goods,Outdoor Recreation,Camping and Hiking
Sporting Goods,Outdoor Recreation,Climbing
Sporting Goods,Outdoor Recreation,Cycling
Sporting Goods,Outdoor Recreation,Equestrian
Sporting Goods,Outdoor Recreation,Fishing
Sporting Goods,Outdoor Recreation,Golf
Sporting Goods,Outdoor Recreation,Hang Gliding and Skydiving
Sporting Goods,Outdoor Recreation,Hunting and Shooting
Sporting Goods,Outdoor Recreation,Hydration System Accessories
Sporting Goods,Outdoor Recreation,Hydration Systems
Sporting Goods,Outdoor Recreation,Inline and Roller Skating
Sporting Goods,Outdoor Recreation,Kite Buggying
Sporting Goods,Outdoor Recreation,Outdoor Games
Sporting Goods,Outdoor Recreation,Riding Scooters
Sporting Goods,Outdoor Recreation,Skateboarding
Sporting Goods,Outdoor Recreation,Winter Sports and Activities
Toys and Games,Games,Battle Top Accessories
Toys and Games,Games,Battle Tops
Toys and Games,Games,Bingo Sets
Toys and Games,Games,Blackjack and Craps Sets
Toys and Games,Games,Board Games
Toys and Games,Games,Card Game Accessories
Toys and Games,Games,Card Games
Toys and Games,Games,Dexterity Games
Toys and Games,Games,Dice Sets and Games
Toys and Games,Games,Poker Chip Accessories
Toys and Games,Games,Poker Chips and Sets
Toys and Games,Games,Portable Electronic Games
Toys and Games,Games,Roulette Wheels and Sets
Toys and Games,Games,Slot Machines
Toys and Games,Games,Tile Games
Toys and Games,Outdoor Play Equipment,Inflatable Bouncer Accessories
Toys and Games,Outdoor Play Equipment,Inflatable Bouncers
Toys and Games,Outdoor Play Equipment,Play Swings
Toys and Games,Outdoor Play Equipment,Play Tents and Tunnels
Toys and Games,Outdoor Play Equipment,Playhouses
Toys and Games,Outdoor Play Equipment,Pogo Sticks
Toys and Games,Outdoor Play Equipment,Sandboxes
Toys and Games,Outdoor Play Equipment,See Saws
Toys and Games,Outdoor Play Equipment,Slides
Toys and Games,Outdoor Play Equipment,Stilts
Toys and Games,Outdoor Play Equipment,Swing Set and Playset Accessories
Toys and Games,Outdoor Play Equipment,Swing Sets and Playsets
Toys and Games,Outdoor Play Equipment,Trampoline Accessories
Toys and Games,Outdoor Play Equipment,Trampolines
Toys and Games,Outdoor Play Equipment,Water Play Equipment
Toys and Games,Puzzles,Jigsaw Puzzle Accessories
Toys and Games,Puzzles,Jigsaw Puzzles
Toys and Games,Puzzles,Mechanical Puzzles
Toys and Games,Puzzles,Wooden and Pegged Puzzles
Toys and Games,Toys,Activity Toys
Toys and Games,Toys,Art and Drawing Toys
Toys and Games,Toys,Ball Pit Accessories
Toys and Games,Toys,Ball Pits
Toys and Games,Toys,Bath Toys
Toys and Games,Toys,Beach and Sand Toys
Toys and Games,Toys,Building Toys
Toys and Games,Toys,Educational Toys
Toys and Games,Toys,Executive Toys
Toys and Games,Toys,Flying Toy Accessories
Toys and Games,Toys,Flying Toys
Toys and Games,Toys,Musical Toys
Toys and Games,Toys,Play Vehicle Accessories
Toys and Games,Toys,Play Vehicles
Toys and Games,Toys,Pretend Play
Toys and Games,Toys,Remote Control Toy Accessories
Toys and Games,Toys,Remote Control Toys
Toys and Games,Toys,Riding Toy Accessories
Toys and Games,Toys,Riding Toys
Toys and Games,Toys,Robotic Toys
Toys and Games,Toys,Sports Toy Accessories
Toys and Games,Toys,Sports Toys
Toys and Games,Toys,Toy Gift Baskets
Toys and Games,Toys,Toy Weapon and Gadget Accessories
Toys and Games,Toys,Toy Weapons and Gadgets
Toys and Games,Toys,Visual Toys
Toys and Games,Toys,Wind-Up Toys
Vehicles and Parts,Vehicle Parts and Accessories,Aircraft Parts and Accessories
Vehicles and Parts,Vehicle Parts and Accessories,Motor Vehicle Electronics
Vehicles and Parts,Vehicle Parts and Accessories,Motor Vehicle Parts
Vehicles and Parts,Vehicle Parts and Accessories,Vehicle Safety and Security
Vehicles and Parts,Vehicle Parts and Accessories,Vehicle Storage and Cargo
Vehicles and Parts,Vehicle Parts and Accessories,Watercraft Parts and Accessories
Vehicles and Parts,Vehicles,Aircraft
Vehicles and Parts,Vehicles,Motor Vehicles
Vehicles and Parts,Vehicles,Watercraft